9.32831183851579	9.381645432589895	9.394405434210213	22	101
9.395083453343931	9.443635713477551	9.44446347231282	24	109
9.445141491446538	9.506815251659079	9.512668509545207	26	116
9.513346528678923	9.576611831950709	9.577949152755448	28	124
9.578633597286805	9.643280361051474	9.646158939194786	30	132
9.64682410753322	9.713720039837465	9.728136117858554	32	140
9.728814136992272	9.798013434668372	9.811580242740348	34	150
9.812258261874065	9.878223908345893	9.8950179422245	37	160
9.895708812153499	9.962159715829804	9.9784866512364	39	171
9.979164670370116	10.03026948955803	10.046696158310622	42	181
10.04737417744434	10.10546871180555	10.111986579299883	44	189
10.11267102383124	10.162634915890148	10.180205864153125	46	197
10.180877457889201	10.22799880990461	10.228784105242426	48	205
10.229468549773785	10.278688213166756	10.295567174040276	49	211
10.296258043969274	10.347203904406845	10.362299398387226	51	220
10.362990268316224	10.41994108189728	10.429049222736408	53	228
10.42974651806305	10.489327274835208	10.495802678832085	55	236
10.496493548761086	10.55969878853318	10.562564795246322	57	244
10.563262090572964	10.628039597211377	10.629334454518661	59	252
10.630031749845301	10.693827008739937	10.696056062991246	61	4
10.696759783715528	10.762146306304292	10.76280421114974	63	12
10.763482230283458	10.826954263740223	10.829565489468633	65	21
10.83024993399999	10.888295020735875	10.896341574138612	67	29
10.89702601866997	10.952771371780491	10.963068490548379	69	37
10.963759360477379	11.01800340546075	11.029829210137041	71	45
11.0305136546684	11.083142969287996	11.096582386867604	73	53
11.097273256796603	11.158817112230745	11.16333919534466	75	61
11.164030065273659	11.22192150119638	11.230095445091484	77	70
11.230792740418126	11.292013649779511	11.296832977375615	79	78
11.297517421906974	11.353085657534686	11.363595093789852	81	86
11.364285963718853	11.421366682078308	11.430347432425071	83	94
11.43103830235407	11.486047249021873	11.497108710743962	85	102
11.497806006070604	11.548001771174828	11.56386160810941	87	110
11.56455247803841	11.611161195068087	11.613899811288864	89	118
11.614590681217864	11.672873787031591	11.680665559449594	91	125
11.681356429378594	11.739875319349247	11.747412310782515	93	133
11.748109606109155	11.81004624889476	11.814186160531575	95	141
11.814864179665292	11.875962727106378	11.880909445194849	97	149
11.881593889726208	11.944437351674583	11.94768552986483	99	157
11.948369974396186	12.008325918517576	12.014419151037352	101	165
12.015110020966352	12.074660885671223	12.081178753165556	103	174
12.081863197696913	12.131982975489901	12.147927739419394	105	182
12.148618609348395	12.197862577506358	12.214699074882422	107	190
12.21538994481142	12.262612147633288	12.264756274889685	109	198
12.265453570216327	12.312017309462515	12.316297183021865	110	204
12.31697520215558	12.360873798206196	12.364886319350644	112	210
12.365577189279643	12.411617398300622	12.414950503485779	113	216
12.415641373414777	12.463552490609839	12.465017201906946	115	222
12.465708071835945	12.517834529248828	12.531783508797906	116	229
12.532480804124546	12.587401192050944	12.598505117270491	118	237
12.59919598719949	12.655226572092262	12.665268909875417	120	245
12.665966205202057	12.729481540251623	12.732007838985123	122	253
12.732705134311763	12.794755478699107	12.798767999843555	124	5
12.799471720567837	12.864427462149518	12.865510001969524	126	13
12.866175170307958	12.92968044821339	12.9322916739418	0	22
12.932963267677875	12.993118957856375	12.999042336386328	2	30
12.999713930122404	13.056534000829714	13.06576953216121	4	38
13.066447551294926	13.123829145883066	13.132555115245093	6	46
13.13322670898117	13.187712963519106	13.199283987210665	8	54
13.199962006344382	13.263297988990221	13.266036605210997	10	62
13.266714624344713	13.326011546160196	13.332784194639263	12	70
13.33346863917062	13.392576989533586	13.39956195549993	14	79
13.400233549236006	13.454214432281198	13.466295017942224	16	87
13.46697303707594	13.528270492478793	13.533047356577441	18	95
13.533725375711159	13.592077205343136	13.599826514263684	20	103
13.600510958795041	13.654734330759915	13.666560135436207	22	111
13.667238154569924	13.716430440181643	13.73330940105516	24	119
13.73399384558652	13.798081041026164	13.800055314292738	26	128
13.800739758824095	13.86311276991908	13.866828046581338	28	136
13.867518916510338	13.932646467637646	13.933559153467828	30	144
13.934230747203904	14.000235784156924	14.017029818035532	32	152
14.01770783716925	14.085454156883067	14.100464723868535	35	162
14.101149168399894	14.167010891049001	14.185346182266182	37	172
14.186017776002256	14.249396501510667	14.250648895320493	40	183
14.25132691445421	14.303227644854303	14.318847507155239	42	191
14.319525526288956	14.378122638491764	14.384130944016627	44	199
14.384815388547985	14.43472145202812	14.45237732728601	46	207
14.453048921022084	14.499477168187576	14.500984342982138	48	215
14.501668787513497	14.552445632056587	14.56771098002679	49	221
14.568401849955789	14.618067380072048	14.634479242473555	51	230
14.635170112402553	14.69198599263314	14.701221523964637	53	238
14.701918819291278	14.761465214154311	14.767983081648644	55	246
14.768673951577645	14.832187331071406	14.834713629804904	57	254
14.835410925131546	14.900364152427194	14.901489155744654	59	6
14.902186451071294	14.965735030569528	14.96821886580557	61	14
14.968922586529851	15.034804702832343	15.05168366370586	63	22
15.052355257441937	15.109498553587118	15.119895405701003	66	33
15.120566999437079	15.176655692273737	15.185169344148488	68	41
15.185847363282205	15.240939002024	15.25337186709484	70	49
15.254043460830916	15.308293372481698	15.318675418244498	72	57
15.319353437378213	15.380144683192976	15.386889674525673	74	65
15.387567693659388	15.447855244172095	15.452207473296186	76	73
15.452891917827545	15.50732034378671	15.520390161319385	78	82
15.52106175505546	15.572614117157348	15.58571382675731	80	90
15.586391845891027	15.642164018052574	15.653919702085041	82	98
15.654597721218758	15.709942185389483	15.719220180218436	84	106
15.719904624749793	15.76907260559652	15.7874078968137	86	114
15.788085915947418	15.834211051963308	15.83601547124006	88	122
15.836706341169059	15.884440061516198	15.886074626803127	89	128
15.886765496732126	15.944868970777012	15.952830597184837	91	135
15.953521467113836	16.012045106291442	16.01958209772471	93	143
16.02027939305135	16.082564404135162	16.086322144294876	95	151
16.08700016342859	16.14815039341592	16.153097111504394	97	159
16.153781556035753	16.216987354538077	16.21985336125122	99	167
16.220537805782577	16.2803889879859	16.286609610998045	101	175
16.287300480927044	16.347592501281586	16.35334602582172	103	184
16.354030470353074	16.405152889543224	16.420120993031237	105	192
16.420811862960235	16.470354751791078	16.486851541187498	107	200
16.487542411116497	16.534715725043267	16.536902315797118	109	208
16.53759961112376	16.58444914088243	16.588431769959588	110	214
16.589109789093307	16.633500347111156	16.63704576978359	112	220
16.63773663971259	16.684423020244193	16.687119172967513	113	226
16.687810042896512	16.735259369556744	16.737191179325862	115	232
16.737882049254864	16.790743795650005	16.80392843224488	116	239
16.80462572757152	16.86028615368713	16.87066819944993	118	247
16.87135906937893	16.92768214954694	16.937427242847903	120	255
16.938124538174545	17.00159657163131	17.00420779735972	122	7
17.00490509268636	17.066912135480905	17.07092465662535	124	15
17.071628377349633	17.13663915385894	17.13767923018149	126	23
17.138350823917563	17.20226146060463	17.204448051358483	0	32
17.2051260704922	17.265088160646116	17.27118139316589	2	40
17.27185941229961	17.328727813171785	17.33796334450328	4	48
17.33864778903464	17.3974153139575	17.404697524406036	6	56
17.40537554353975	17.4615092141599	17.471466624948143	8	64
17.4721510694795	17.536727712600342	17.53819242389745	10	72
17.538876868428808	17.598062323563468	17.604962362534902	12	80
17.6056532324639	17.66439645262177	17.67172112656776	14	89
17.67239914570148	17.725886949318976	17.73847709694947	16	97
17.73916154148083	17.80094481281839	17.80521211494757	18	105
17.805896559478928	17.864768287589623	17.871965571043248	20	113
17.872656440972246	17.926384498588508	17.93871986523427	22	121
17.939404309765624	17.988606373156365	18.00548533402988	24	129
18.006176203958884	18.069336186582373	18.07224465679297	26	138
18.07293552672197	18.136385490334664	18.138996716063076	28	146
18.139694011389714	18.205373867349063	18.222406758400858	30	154
18.223084777534574	18.29082858296236	18.305881613445283	33	164
18.306572483374282	18.375428441324246	18.38929249387841	35	174
18.38997693840977	18.457324324739595	18.472759526699623	38	184
18.47344397123098	18.536266201430628	18.539514379620872	40	195
18.54020524954987	18.592232532346987	18.606266438890977	42	203
18.606957308819975	18.663630154111765	18.67299307593563	44	211
18.673690371262268	18.72476781266893	18.739778379654396	46	219
18.740462824185755	18.78676312212865	18.78984144632907	48	227
18.79052589086043	18.83969498916762	18.858032515305716	50	233
18.858716959837075	18.9149330431661	18.92331930454848	52	242
18.92401017447748	18.981265216668596	18.9915324433692	54	250
18.992216887900558	19.050470101646997	19.056818115151508	56	2
19.057508985080506	19.120883240747077	19.12503795873498	58	10
19.125728828663977	19.189612366934902	19.19035519877526	60	18
19.191052494101903	19.25412168306307	19.258528947114787	62	26
19.259200540850863	19.324628688841738	19.340530989273777	64	35
19.341215433805132	19.400391669891004	19.407291708862438	66	45
19.407976153393797	19.464559322483723	19.474049634799954	68	53
19.474740504728953	19.53121583888455	19.540791078195692	70	61
19.54147552272705	19.59499740888856	19.6075450930216	72	69
19.608235962950598	19.669465532630543	19.67428486022665	74	77
19.674975730155648	19.735678417229003	19.741049770292033	76	85
19.741747065618675	19.796752380539985	19.807813842262075	78	94
19.808498286793434	19.858648515383937	19.874550815815976	80	102
19.875241685744975	19.932222670758435	19.941288348100105	82	110
19.941979218029108	19.996823618644267	20.00805493435618	84	118
20.008752229682823	20.059785810766453	20.07479637775192	86	126
20.07548724768092	20.12141906303734	20.124879558714863	88	134
20.12557042864386	20.18206112788078	20.1930949324565	90	141
20.1937858023855	20.252215016154288	20.258393175668974	92	149
20.259090470995616	20.31853014838478	20.326589273217685	94	157
20.3272672923514	20.38845663345481	20.391874665634877	96	165
20.392559110166236	20.45472315615532	20.460109315569436	98	173
20.460793760100795	20.52268933621452	20.52538548893784	100	181
20.52607635886684	20.585688125166744	20.59361985950728	102	189
20.59430430403864	20.65205689549929	20.658914470973265	104	198
20.659605340902264	20.708521613780523	20.70896720113869	106	206
20.709670921862973	20.75757840731154	20.75904311860865	107	212
20.75974041393529	20.806508369080426	20.80907713131138	109	218
20.80978085203566	20.856041200767137	20.860618318808676	110	224
20.86130276334003	20.904209613232965	20.909198794818895	112	230
20.909896090145534	20.95608212775646	20.95928784244925	113	236
20.959985137775888	21.00826836930392	21.009350909123924	115	242
21.010048204450566	21.06307058578674	21.07608536839179	116	249
21.07679104467188	21.13277022638352	21.142860614966427	118	1
21.14355791029307	21.199582349153314	21.20962468693647	120	9
21.21032840766075	21.27360963474408	21.276348250964855	122	17
21.27705197168914	21.338188792150955	21.343093046741973	124	25
21.343803192863895	21.40831865502459	21.40986829331661	126	33
21.410533461655042	21.475236657172907	21.4766164414751	0	42
21.477288035211178	21.5387204239645	21.54336989757078	2	50
21.544041491306857	21.601243174761038	21.610138998112888	4	58
21.610817017246603	21.669360770712476	21.67685529864829	6	66
21.677526892384368	21.732498683491894	21.743645072208896	8	74
21.744323091342615	21.807653486686156	21.81039210290693	10	82
21.81107012204065	21.87000666285799	21.8771190193167	12	90
21.877803463848057	21.936120093475566	21.943869402396114	14	99
21.94454099613219	21.99801790451021	22.01065051563816	16	107
22.011328534771877	22.07293943783358	22.077376593952582	18	115
22.078054613086298	22.136899801511085	22.144139548462164	20	123
22.144823992993523	22.198567415691098	22.21090278233686	22	131
22.21158080147058	22.260900477574662	22.277652047955815	24	139
22.278336492487174	22.341671637037667	22.344410253258445	26	148
22.3450946977898	22.40882989318475	22.411143874430966	28	156
22.411834744359968	22.47883907032877	22.49461398026844	30	164
22.495285574004516	22.56297155085353	22.578024581336454	33	174
22.578709025867813	22.648538291877877	22.66146814748802	35	184
22.662146166621735	22.727261425683988	22.72967290535529	38	194
22.730344499091363	22.793357256299334	22.79499182158626	40	203
22.795669840719977	22.845699942311104	22.863188198500087	42	211
22.863866217633806	22.921077120136776	22.92848672107768	44	219
22.929171165609034	22.978367082967246	22.996702374184427	46	227
22.997373967920502	23.043723992853838	23.04531609464331	48	235
23.04600053917467	23.09498162475957	23.11205697930882	49	241
23.11274784923782	23.16311346833187	23.17880345127663	51	250
23.179494321205627	23.236102353790773	23.24555020260955	53	2
23.24624749793619	23.30581903565956	23.312294439656437	55	10
23.312985309585436	23.376642282748225	23.379083654486813	57	18
23.379780949813455	23.443789364290712	23.445806101054742	59	26
23.446503396381384	23.50963795677942	23.51258889048748	61	34
23.51329261121176	23.58010417525132	23.59600647568336	63	42
23.596678069419436	23.65507515620002	23.664240566887692	66	53
23.664912160623764	23.721717145614875	23.729508918032877	68	61
23.730186937166593	23.78571997278984	23.79772820288612	70	69
23.798399796622196	23.852299943149198	23.863021696891643	72	77
23.86369971602536	23.92405515226097	23.931224778568225	74	85
23.93190279770194	23.992889878462204	23.99652022812955	76	93
23.99720467266091	24.05021560002738	24.064729176473545	78	102
24.06540077020962	24.116496370348745	24.130020714923266	80	110
24.13069873405698	24.18611443633199	24.19825229184156	82	118
24.19893031097528	24.254012171938054	24.26354494775174	84	126
24.264229392283095	24.313523925526848	24.33173182625166	86	134
