9.380218156218179	9.584302194832024	9.594641777097369	0	0
9.59570280580353	9.799198222120408	9.811576052263625	1	1
9.812637080969788	9.991308951277327	9.99515161843195	2	2
9.996212647138114	10.172464936186023	10.180184353039282	3	3
10.181245381745445	10.352123244714063	10.362292972989584	4	4
10.363354001695745	10.532253400921066	10.545862672490498	5	5
10.54692370119666	10.717702668914624	10.729443546596006	6	6
10.730504575302168	10.893736773807843	10.896347999536253	7	7
10.897409028242416	11.05865438205135	11.063218928662721	8	8
11.064279957368884	11.224700904723925	11.230072257786953	9	9
11.231133286493115	11.422959342598011	11.430368943538912	10	10
11.431429972245075	11.625376688936722	11.630620651507384	11	11
11.631681680213546	11.811452852247982	11.814191468468758	12	12
11.815252497174919	12.002790298767021	12.014446249453492	13	13
12.015507278159653	12.188827071597087	12.198020139431128	14	14
12.19908116813729	12.375452466724122	12.381588162741354	15	15
12.382649191447516	12.53830556676896	12.548475295044481	16	16
12.549536323750644	12.72898091796583	12.732016778668797	17	17
12.73307780737496	12.922304929816498	12.93226234060474	18	18
12.933323369310903	13.119444510405652	13.132544220005615	19	19
13.133605248711778	13.317254008540191	13.332816600992583	20	20
13.333877629698746	13.52495666348656	13.533045680386753	21	21
13.534106709092915	13.68999579555502	13.699953206343263	22	22
13.701014235049426	13.854404679924404	13.866824973565075	23	23
13.867886002271238	14.00884442017072	14.017018364065823	24	24
14.018079392771986	14.158777163019321	14.16720588789916	25	25
14.168266916605322	14.357900794654068	14.36747603396521	26	26
14.368537062671372	14.561290052227308	14.567722992726729	27	27
14.568784021432892	14.768981253203968	14.784671236148728	28	28
14.78573226485489	14.990418335291217	15.001607187505673	29	29
15.002668216211836	15.207756572413532	15.218563253150888	30	30
15.219624281857051	15.431810746896602	15.43552602355886	31	31
15.436587052265022	15.649405441194341	15.653899867161888	32	32
15.654960895868049	15.865725951203295	15.869398764368096	33	33
15.870459793074259	16.082727832727343	16.08635818239469	34	34
16.08741921110085	16.302816140040143	16.30330419089577	35	35
16.304365219601934	16.512949830215852	16.520232040664386	36	36
16.521293069370547	16.727990289268607	16.737183357102648	37	37
16.73824438580881	16.94007702096216	16.95411092750615	38	38
16.95517195621231	17.153104654362494	17.15439951166978	39	39
17.15546054037594	17.34716507265588	17.354659600591695	40	40
17.355720629297856	17.50704377232302	17.523003342603598	41	41
17.52406437130976	17.669062688134943	17.67171637736081	42	42
17.67277740606697	17.819148523066477	17.82192960278471	43	43
17.822990631490875	17.992901332431913	18.00549148006241	44	44
18.00655250876857	18.14657980274029	18.15568794357942	45	45
18.156748972285584	18.29523612637919	18.305872953126723	46	46
18.306933981832884	18.445183954943992	18.457531893019922	47	47
18.458592921726083	18.585850715663582	18.59102455759042	48	48
18.59208558629658	18.734226277362065	18.73976748441492	49	49
18.74082851312108	18.885865661697228	18.889963109836586	50	50
18.891024138542747	19.03182331832677	19.040167116211695	51	51
19.04122814491786	19.2124999126984	19.223731228410315	52	52
19.224792257116476	19.4003464127424	19.40728891521129	53	53
19.408349943917454	19.584802258387587	19.590853027409906	54	54
19.59191405611607	19.771268694764277	19.774431945959613	55	55
19.775492974665774	19.95820809628039	19.974662422179353	56	56
19.975723450885518	20.18090399757511	20.193084316582134	57	57
20.194145345288298	20.39542679307007	20.408568966167486	58	58
20.40962999487365	20.61171601418616	20.62553760324287	59	59
20.626598631949033	20.828333768677304	20.842452602216202	60	60
20.843513630922367	21.047070786929623	21.059406153575384	61	61
21.060467182281545	21.265147665415576	21.27637898112749	62	62
21.27744000983365	21.485540201338438	21.493289510258986	63	63
21.494350538965147	21.70342208297423	21.710237194950754	64	64
21.711298223656918	21.91800773562003	21.92865713379773	65	65
21.929718162503892	22.108600674108022	22.110787264861873	66	66
22.111848293568038	22.28681662054814	22.29435361198141	67	67
22.29541464068757	22.468838637312842	22.477904314654516	68	68
22.478965343360677	22.64933336499471	22.661456414153193	69	69
22.662517442859357	22.82940317833691	22.845050697784213	70	70
22.846111726490378	23.012492649205416	23.02860726712473	71	71
23.029668295830895	23.19333099597854	23.19551758673239	72	72
23.196578615438554	23.353528171876594	23.362381531730986	73	73
23.36344256043715	23.5502847428933	23.56262010953906	74	74
23.563681138245222	23.75234366378967	23.762895563542294	75	75
23.763956592248455	23.952934241642442	23.963146433415417	76	76
23.964207462121582	24.143175738815966	24.1467211614884	77	77
24.14778219019456	24.31846198329676	24.331744118316713	78	78
24.332805147022874	24.516492459237135	24.53056882927858	79	79
24.531629857984743	24.68616597919568	24.697439758405046	80	80
24.69850078711121	24.866362624300013	24.880991019808384	81	81
24.882052048514545	25.05526959431995	25.064590052646356	82	82
25.065651081352517	25.24056269721431	25.248142152145036	83	83
25.249203180851197	25.421514745589175	25.43172693736215	84	84
25.43278796606831	25.6109374236111	25.615289652735193	85	85
25.616350681441354	25.76836720868155	25.782146334240803	86	86
25.783207362946964	25.927468435234086	25.933829020168762	87	87
25.934890048874927	26.0677949292438	26.082550715244533	88	88
26.083611743950698	26.218964421455798	26.23274354701505	89	89
26.233804575721216	26.409969423488178	26.41631743699269	90	90
26.417378465698853	26.594549865974585	26.60133732080474	91	91
26.6023983495109	26.784057470991424	26.800129625413284	92	92
26.80119065411945	26.99019065272262	27.00185917483926	93	93
27.002920203545422	27.185942626786364	27.200655949289644	94	94
27.201716977995805	27.390082817788294	27.402390527287686	95	95
27.403451555993847	27.595550551815943	27.601176685863706	96	96
27.602237714569867	27.793868773824606	27.80290455909899	97	97
27.803965587805152	27.997739656855828	28.001667251005365	98	98
28.002728279711526	28.194755758064222	28.203411606782424	99	99
28.20447263548859	28.394694577104072	28.402189105039884	100	100
28.40325013374605	28.58427593451123	28.58578310930579	101	101
28.58684413801195	28.766311640166556	28.76934750086952	102	102
28.770408529575686	28.943198088025152	28.952900717828662	103	103
28.953961746534823	29.126694873231095	29.137938760373174	104	104
29.13899978907934	29.281836937376116	29.286656264972223	105	105
29.287717293678384	29.422358707601106	29.436859712617107	106	106
29.437920741323268	29.57032164702497	29.58707321740612	107	107
29.588134246112283	29.7447840437821	29.753934648118683	108	108
29.754995676824848	29.88352206774883	29.88744966189837	109	109
29.88851069060453	30.01861186268087	30.020968307424546	110	110
30.022029336130707	30.153606952838977	30.154477175171703	111	111
30.155538203877867	30.272595818742325	30.28794609370744	112	112
30.2890071224136	30.41920411672433	30.421475634473094	113	113
30.422536663179258	30.55355862267411	30.55498087047376	114	114
30.556041899179924	30.68920044307307	30.705145207002566	115	115
30.706206235708727	30.86562342420615	30.87351492997015	116	116
30.87457595867631	31.037957338153312	31.03891248748095	117	117
31.03997351618711	31.20436200690311	31.205826718200218	118	118
31.20688774690638	31.374757685683516	31.389386081191883	119	119
31.390447109898044	31.561146179193166	31.572929520372	120	120
31.573990549078164	31.76569200834184	31.77322899977511	121	121
31.77429002848127	31.969922993006094	31.97346841567853	122	122
31.97452944438469	32.16923240244221	32.173712022058666	123	123
32.17477305076483	32.371020339177186	32.37397127288524	124	124
32.3750323015914	32.57284794575847	32.57422773006066	125	125
32.575288758766824	32.77757620032713	32.79118547189657	126	126
32.79224650060273	32.993138513414415	33.00960764566446	127	127
33.01066867437062	33.215760103588586	33.22508056191499	0	128
33.226141590621154	33.42965963551233	33.44203746565555	1	129
33.44309849436171	33.622414859989185	33.625578111184524	2	130
33.626639139890685	33.80344736551712	33.810616991824375	3	131
33.81167802053054	33.98253660730624	33.99274879907921	4	132
33.99380982778538	34.162694420659605	34.17630369222904	5	133
34.1773647209352	34.34812664738116	34.35986752506254	6	134
34.3609285537687	34.524141476081454	34.52675270180987	7	135
34.52781373051603	34.6859179029737	34.69362474839679	8	136
34.694685777102954	34.855072641913985	34.86052892197193	9	137
34.86158995067809	35.053796502069396	35.06078146803574	10	138
35.0618424967419	35.256542102418045	35.261021722034506	11	139
35.26208275074067	35.443076145152524	35.444583319947085	12	140
35.445644348653246	35.63426888054208	35.64486324379216	13	141
35.64592427249832	35.81984190728151	35.82844048615117	14	142
35.829501514857334	36.006680178626056	36.012009068191624	15	143
36.01307009689779	36.17076052962038	36.17889201001803	16	144
36.17995303872419	36.36136967128503	36.362452211105044	17	145
36.363513239811205	36.55369746713618	36.562720680980405	18	146
36.563781709686566	36.75058142864526	36.76295925878848	19	147
36.76402028749464	36.9490440824183	36.96320537945465	20	148
36.96426640816081	37.15672271196479	37.163495360443854	21	149
37.164556389150015	37.32183978690029	37.33035343877504	22	150
37.3314144674812	37.4862095601536	37.497228558378225	23	151
37.49828958708439	37.63833950963041	37.647447650469545	24	152
37.648508679175706	37.790561649595126	37.79763154255639	25	153
37.79869257126255	37.9896838844043	37.99790029179686	26	154
37.99896132050302	38.19301475466854	38.19813132674683	27	155
38.19919235545299	38.400766857240235	38.41509800826641	28	156
38.41615903697257	38.62222237742506	38.63205239772094	29	157
38.6331134264271	38.838347890583854	38.84898471733139	30	158
38.85004574603755	39.06220287774005	39.065918154402304	31	159
39.066979183108465	39.28108069601024	39.28434144563066	32	160
39.28540247433682	39.4974556822166	39.49981212696027	33	161
39.50087315566643	39.71442711294312	39.7167835576868	34	162
39.717844586392964	39.93463470915996	39.951868184364216	35	163
39.95292921307038	40.16133614747125	40.16734445299612	36	164
40.16840548170228	40.37635397794971	40.38431560435753	37	165
40.3853766330637	40.58852200489168	40.60123954301454	38	166
40.602300571720704	40.801505219238756	40.818171862625	39	167
40.81923289133116	41.01432053515181	41.01991901205321	40	168
41.02098004075937	41.17495100634299	41.18533305210578	41	169
41.186394080811944	41.33398825828422	41.33553789657624	42	170
41.3365989252824	41.48556729975458	41.50240379713064	43	171
41.5034648258368	41.67598116520396	41.68743736983331	44	172
41.68849839853948	41.830995838856616	41.83615487443236	45	173
41.83721590313853	41.97830646073733	41.986353014140064	46	174
41.987414042846225	42.12816377500492	42.136550036387305	47	175
42.137611065093466	42.26744572285025	42.270056948578656	48	176
42.271117977284824	42.414529500257714	42.42024056130039	49	177
42.42130159000655	42.567550903815984	42.57045937402658	50	178
42.571520402732745	42.71351638266874	42.720628739127456	51	179
42.72168976783362	42.89565685024214	42.90421296561434	52	180
42.9052739943205	43.08060856896616	43.08776338892233	53	181
43.088824417628494	43.26654756400604	43.27136689160214	54	182
43.2724279203083	43.454492679935576	43.45489580379629	55	183
43.45595683250245	43.63845488742284	43.655163994306534	56	184
43.6562250230127	43.864241404983034	43.872118104395945	57	185
43.87317913310211	44.075835057248895	44.09051848768488	58	186
44.09157951639105	44.29374431666594	44.30599475631679	59	187
44.30705578502295	44.51164910624115	44.52296534894798	60	188
44.52402637765414	44.727660079702865	44.739910519353714	61	189
44.740971548059875	44.94695024088257	44.95686518817335	62	190
44.95792621687952	45.168758599207436	45.17379024429082	63	191
45.17485127299698	45.382402791416226	45.39074658930115	64	192
45.39180761800731	45.598673574434734	45.60769678827896	65	193
45.60875781698512	45.78631837286582	45.7912650909543	66	194
45.79232611966046	45.96752212920916	45.974846803155145	67	195
45.97590783186131	46.1465705836915	46.15839638836779	68	196
46.15945741707396	46.328607127442176	46.34196161802687	69	197
46.34302264673303	46.50998800126832	46.52555059372071	70	198
46.52661162242687	46.69015643049605	46.69242794824482	71	199
46.69348897695098	46.853978927489386	46.85930781705496	72	200
46.86036884576112	47.01614897982844	47.027647647955256	73	201
47.02870867666142	47.21298209688661	47.226421514466224	74	202
47.227482543172385	47.41492675745101	47.42816866389443	75	203
47.42922969260059	47.61557711943836	47.62693582564264	76	204
47.62799685434881	47.80588454677899	47.81053402038527	77	205
47.81159504909143	47.982534931115545	47.994105954807104	78	206
47.995166983513265	48.177473114599756	48.194352075473276	79	207
48.19541310417944	48.34879460937074	48.36267123335507	80	208
48.36373226206124	48.52754386381509	48.52811684166563	81	209
48.52917787037179	48.69992359364109	48.71166447132247	82	210
48.71272550002863	48.88531782670702	48.89673156783893	83	211
48.89779259654509	49.06601537346227	49.07881783858004	84	212
49.079878867286205	49.25550230546061	49.26240234443204	85	213
49.2634633731382	49.41297315720294	49.43071395945574	86	214
49.4317749881619	49.57350724742949	49.5794730894569	87	215
49.58053411816306	49.71052941086088	49.71297078259946	88	216
49.714031811305624	49.848242164856146	49.863167804846704	89	217
49.864228833552865	50.03909882401255	50.046720742440726	90	218
50.04778177114689	50.22369239665935	50.23175152149226	91	219
50.23281255019842	50.413086579439565	50.41387187477738	92	220
50.41493290348354	50.60267268605367	50.614116319252865	93	221
50.615177347959026	50.79839812043151	50.814385347858455	94	222
50.815446376564616	51.00261569557024	51.014653817733816	95	223
51.01571484643998	51.20795017243812	51.214892674907006	96	224
51.21595370361317	51.40776048352514	51.41517008446604	97	225
51.4162311131722	51.61146179193165	51.61543184957865	98	226
51.61649287828481	51.80737076918994	51.8156776908797	99	227
51.816738719585864	52.0072081786931	52.01593414805513	100	228
52.01699517676129	52.19669902180305	52.19952256501874	101	229
52.2005835937249	52.37886463223678	52.383089470868505	102	230
52.384150499574666	52.55566699119581	52.566643525922984	103	231
52.567704554629145	52.73924898276177	52.75022551748895	104	232
52.75128654619512	52.8927645832082	52.9018852954775	105	233
52.90294632418366	53.036260474445776	53.05059162547195	106	234
53.05165265417811	53.18277518511431	53.184112505919046	107	235
53.18517353462521	53.340584906740936	53.35100941600119	108	236
53.35207044470736	53.47983528632829	53.484484759934574	109	237
53.485545788640735	53.614810820928355	53.618016535621145	110	238
53.619077564327306	53.74875298396863	53.75149160018941	111	239
53.75255262889557	53.86774129114175	53.868314268992286	112	240
53.86937529769845	53.99895824748676	54.0018242541999	113	241
54.002885282906064	54.133297667720335	54.13531440448437	114	242
54.13637543319053	54.268432440435866	54.26883556429658	115	243
54.26989659300274	54.42816335595725	54.43574281088797	116	244
54.436803839594134	54.599504126921154	54.60258245112158	117	245
54.60364347982774	54.76739529744702	54.770953291549624	118	246
54.772014320255785	54.939958290788354	54.95305800038832	119	247
54.95411902909448	55.124245399904176	55.13662323004739	120	248
55.13768425875355	55.3308102007378	55.336903433257575	121	249
55.337964461963736	55.532124054872895	55.53715569995628	122	250
55.53821672866244	55.734346404361446	55.73738226506441	123	251
55.73844329377057	55.93318536294417	55.937664982560634	124	252
55.938726011266795	56.137376119031885	56.137906633384965	125	253
56.138967662091126	56.33914254465302	56.35487499109524	126	254
56.3559360198014	56.55822038834545	56.57178719641742	127	255
